Datetime,Open,High,Low,Close,Volume,short_MA,long_MA,short_lag1_MA,long_lag1_MA,sell,buy,buy_price,sell_price,PnL
2023-04-06 09:30:00-04:00,162.42999267578125,162.72999572753906,162.0449981689453,162.72999572753906,1710997,,,,,0.0,0.0,,,
2023-04-06 09:31:00-04:00,162.72000122070312,162.74000549316406,162.38999938964844,162.4499969482422,261920,,,,,0.0,0.0,,,
2023-04-06 09:32:00-04:00,162.4600067138672,162.49000549316406,162.1300048828125,162.14999389648438,366370,,,,,0.0,0.0,,,
2023-04-06 09:33:00-04:00,162.16000366210938,162.2519989013672,162.08999633789062,162.11000061035156,286884,,,,,0.0,0.0,,,
2023-04-06 09:34:00-04:00,162.10000610351562,162.13699340820312,162.0399932861328,162.05999755859375,168756,,,,,0.0,0.0,,,
2023-04-06 09:35:00-04:00,162.05999755859375,162.1649932861328,162.0399932861328,162.14999389648438,160452,,,,,0.0,0.0,,,
2023-04-06 09:36:00-04:00,162.13999938964844,162.32000732421875,162.08999633789062,162.13499450683594,205161,,,,,0.0,0.0,,,
2023-04-06 09:37:00-04:00,162.13499450683594,162.30999755859375,162.11500549316406,162.3070068359375,212170,,,,,0.0,0.0,,,
2023-04-06 09:38:00-04:00,162.30499267578125,162.4149932861328,162.0,162.41000366210938,310385,,,162.28119812011718,,0.0,0.0,,,
2023-04-06 09:39:00-04:00,162.39999389648438,162.4499969482422,162.3000030517578,162.30999755859375,161769,162.28119812011718,,162.2225784301758,,0.0,0.0,,,
2023-04-06 09:40:00-04:00,162.3000030517578,162.32029724121094,162.1300048828125,162.143798828125,176443,162.2225784301758,,162.20957946777344,,0.0,0.0,,,
2023-04-06 09:41:00-04:00,162.15499877929688,162.35499572753906,162.14500427246094,162.32000732421875,154735,162.20957946777344,,162.2300796508789,,0.0,0.0,,,
2023-04-06 09:42:00-04:00,162.3249969482422,162.39999389648438,162.29010009765625,162.35499572753906,106427,162.2300796508789,,162.25218963623047,,0.0,0.0,,,
2023-04-06 09:43:00-04:00,162.35499572753906,162.36000061035156,162.2100067138672,162.3311004638672,122754,162.25218963623047,,162.27819061279297,,0.0,0.0,,,
2023-04-06 09:44:00-04:00,162.3300018310547,162.3800048828125,162.24000549316406,162.32000732421875,129503,162.27819061279297,,162.27635192871094,,0.0,0.0,,,
2023-04-06 09:45:00-04:00,162.33189392089844,162.33189392089844,162.11000061035156,162.13160705566406,130266,162.27635192871094,,162.27485198974608,,0.0,0.0,,,
2023-04-06 09:46:00-04:00,162.13499450683594,162.2100067138672,162.0800018310547,162.1199951171875,109121,162.27485198974608,,162.25865173339844,,0.0,0.0,,,
2023-04-06 09:47:00-04:00,162.1199951171875,162.27999877929688,162.110595703125,162.14500427246094,145897,162.25865173339844,,162.23565063476562,,0.0,0.0,,,
2023-04-06 09:48:00-04:00,162.14999389648438,162.22999572753906,162.02999877929688,162.17999267578125,113434,162.23565063476562,,162.22187042236328,,0.0,0.0,,,
2023-04-06 09:49:00-04:00,162.17999267578125,162.1999969482422,162.0449981689453,162.1721954345703,112005,162.22187042236328,,162.24721069335936,,0.0,0.0,,,
2023-04-06 09:50:00-04:00,162.1793975830078,162.56820678710938,162.1793975830078,162.39720153808594,251944,162.24721069335936,,162.25491943359376,,0.0,0.0,,,
2023-04-06 09:51:00-04:00,162.38999938964844,162.45989990234375,162.32000732421875,162.3970947265625,97533,162.25491943359376,,162.25090942382812,,0.0,0.0,,,
2023-04-06 09:52:00-04:00,162.38999938964844,162.42990112304688,162.27999877929688,162.3148956298828,94540,162.25090942382812,,162.25625915527343,,0.0,0.0,,,
2023-04-06 09:53:00-04:00,162.30999755859375,162.40499877929688,162.25999450683594,162.3845977783203,70687,162.25625915527343,,162.2662582397461,,0.0,0.0,,,
2023-04-06 09:54:00-04:00,162.39300537109375,162.5,162.33999633789062,162.4199981689453,117110,162.2662582397461,,162.2990982055664,,0.0,0.0,,,
2023-04-06 09:55:00-04:00,162.42999267578125,162.49000549316406,162.3699951171875,162.4600067138672,73002,162.2990982055664,,162.3300979614258,,0.0,0.0,,,
2023-04-06 09:56:00-04:00,162.4600067138672,162.55999755859375,162.41000366210938,162.42999267578125,159823,162.3300979614258,,162.35460815429687,,0.0,0.0,,,
2023-04-06 09:57:00-04:00,162.44000244140625,162.44000244140625,162.25999450683594,162.39010620117188,125835,162.35460815429687,,162.3986083984375,,0.0,0.0,,,
2023-04-06 09:58:00-04:00,162.39999389648438,162.7100067138672,162.38999938964844,162.6199951171875,207356,162.3986083984375,,162.44988861083985,,0.0,0.0,,,
2023-04-06 09:59:00-04:00,162.6179962158203,162.69500732421875,162.6179962158203,162.68499755859375,97361,162.44988861083985,,162.48916778564453,,0.0,0.0,,,
2023-04-06 10:00:00-04:00,162.69000244140625,162.83999633789062,162.5399932861328,162.7899932861328,143264,162.48916778564453,,162.53345794677733,,0.0,0.0,,,
2023-04-06 10:01:00-04:00,162.8000030517578,162.94000244140625,162.7899932861328,162.83999633789062,188725,162.53345794677733,,162.59996795654297,,0.0,0.0,,,
2023-04-06 10:02:00-04:00,162.85000610351562,162.9803924560547,162.82000732421875,162.97999572753906,124378,162.59996795654297,,162.63850860595704,,0.0,0.0,,,
2023-04-06 10:03:00-04:00,162.98500061035156,163.0399932861328,162.75999450683594,162.77000427246094,201390,162.63850860595704,,162.6880081176758,,0.0,0.0,,,
2023-04-06 10:04:00-04:00,162.77999877929688,162.97000122070312,162.75999450683594,162.9149932861328,159362,162.6880081176758,,162.75501708984376,,0.0,0.0,,,
2023-04-06 10:05:00-04:00,162.90499877929688,163.14999389648438,162.90499877929688,163.13009643554688,202772,162.75501708984376,,162.8170181274414,,0.0,0.0,,,
2023-04-06 10:06:00-04:00,163.13499450683594,163.24000549316406,163.0500030517578,163.0500030517578,162966,162.8170181274414,,162.8955078125,,0.0,0.0,,,
2023-04-06 10:07:00-04:00,163.0500030517578,163.1750030517578,163.0500030517578,163.1750030517578,97663,162.8955078125,,162.9380081176758,,0.0,0.0,,,
2023-04-06 10:08:00-04:00,163.17999267578125,163.18179321289062,163.00999450683594,163.0449981689453,94740,162.9380081176758,,162.96900787353516,,0.0,0.0,,,
2023-04-06 10:09:00-04:00,163.0399932861328,163.0800018310547,162.9600067138672,162.9949951171875,115359,162.96900787353516,,162.9860092163086,,0.0,0.0,,,
2023-04-06 10:10:00-04:00,163.0,163.02000427246094,162.94000244140625,162.9600067138672,124281,162.9860092163086,,163.01900939941407,,0.0,0.0,,,
2023-04-06 10:11:00-04:00,162.97000122070312,163.1999969482422,162.97000122070312,163.1699981689453,184343,163.01900939941407,,163.0370101928711,,0.0,0.0,,,
2023-04-06 10:12:00-04:00,163.16000366210938,163.22999572753906,163.05999755859375,163.16000366210938,120807,163.0370101928711,,163.07200927734374,,0.0,0.0,,,
2023-04-06 10:13:00-04:00,163.1699981689453,163.1999969482422,163.07000732421875,163.1199951171875,100493,163.07200927734374,,163.09550933837892,,0.0,0.0,,,
2023-04-06 10:14:00-04:00,163.1300048828125,163.2050018310547,163.11000061035156,163.14999389648438,94352,163.09550933837892,,163.09991912841798,,0.0,0.0,,,
2023-04-06 10:15:00-04:00,163.15499877929688,163.2799072265625,163.08999633789062,163.1741943359375,195311,163.09991912841798,,163.11192932128907,,0.0,0.0,,,
2023-04-06 10:16:00-04:00,163.1699981689453,163.22000122070312,163.11000061035156,163.17010498046875,112922,163.11192932128907,,163.1114288330078,,0.0,0.0,,,
2023-04-06 10:17:00-04:00,163.1708984375,163.2100067138672,163.1114959716797,163.1699981689453,68728,163.1114288330078,,163.11792907714843,,0.0,0.0,,,
2023-04-06 10:18:00-04:00,163.16000366210938,163.19000244140625,163.08999633789062,163.11000061035156,91737,163.11792907714843,,163.1124298095703,,0.0,0.0,,,
2023-04-06 10:19:00-04:00,163.11180114746094,163.1199951171875,162.92999267578125,162.94000244140625,108412,163.1124298095703,,163.11592864990234,,0.0,0.0,,,
2023-04-06 10:20:00-04:00,162.92999267578125,163.00999450683594,162.90499877929688,162.9949951171875,90326,163.11592864990234,,163.10532836914064,,0.0,0.0,,,
2023-04-06 10:21:00-04:00,162.9949951171875,163.0800018310547,162.97999572753906,163.06399536132812,87656,163.10532836914064,,163.08482818603517,,0.0,0.0,,,
2023-04-06 10:22:00-04:00,163.0500030517578,163.0500030517578,162.91000366210938,162.9550018310547,110985,163.08482818603517,,163.07634887695312,,0.0,0.0,,,
2023-04-06 10:23:00-04:00,162.9499969482422,163.0800018310547,162.9499969482422,163.0352020263672,73629,163.07634887695312,,163.06849975585936,,0.0,0.0,,,
2023-04-06 10:24:00-04:00,163.02999877929688,163.11500549316406,162.98399353027344,163.07150268554688,118924,163.06849975585936,,163.06457977294923,,0.0,0.0,,,
2023-04-06 10:25:00-04:00,163.06500244140625,163.1750030517578,163.00999450683594,163.13499450683594,88591,163.06457977294923,,163.0685791015625,,0.0,0.0,,,
2023-04-06 10:26:00-04:00,163.1300048828125,163.24000549316406,163.10000610351562,163.21009826660156,80592,163.0685791015625,,163.07342987060548,,0.0,0.0,,,
2023-04-06 10:27:00-04:00,163.22000122070312,163.26499938964844,163.08999633789062,163.218505859375,138498,163.07342987060548,,163.0760299682617,,0.0,0.0,,,
2023-04-06 10:28:00-04:00,163.2100067138672,163.27999877929688,163.11000061035156,163.13600158691406,130551,163.0760299682617,,163.11403045654296,,0.0,0.0,,,
2023-04-06 10:29:00-04:00,163.1300048828125,163.3300018310547,163.08529663085938,163.32000732421875,89020,163.11403045654296,,163.14810028076172,,0.0,0.0,,,
2023-04-06 10:30:00-04:00,163.31680297851562,163.36000061035156,163.22999572753906,163.335693359375,116011,163.14810028076172,,163.17779998779298,,0.0,0.0,,,
2023-04-06 10:31:00-04:00,163.3350067138672,163.4199981689453,163.30999755859375,163.36099243164062,165533,163.17779998779298,,163.2133804321289,,0.0,0.0,,,
2023-04-06 10:32:00-04:00,163.36000061035156,163.38499450683594,163.24000549316406,163.31080627441406,132741,163.2133804321289,,163.2443603515625,,0.0,0.0,,,
2023-04-06 10:33:00-04:00,163.31500244140625,163.39999389648438,163.24009704589844,163.34500122070312,87509,163.2443603515625,,163.27270965576173,,0.0,0.0,,,
2023-04-06 10:34:00-04:00,163.35000610351562,163.44000244140625,163.35000610351562,163.35499572753906,99755,163.27270965576173,,163.30321044921874,,0.0,0.0,,,
2023-04-06 10:35:00-04:00,163.35000610351562,163.4499969482422,163.33999633789062,163.44000244140625,83121,163.30321044921874,,163.33070068359376,,0.0,0.0,,,
2023-04-06 10:36:00-04:00,163.44000244140625,163.52999877929688,163.4199981689453,163.48500061035156,165002,163.33070068359376,,163.35885009765624,,0.0,0.0,,,
2023-04-06 10:37:00-04:00,163.47999572753906,163.52000427246094,163.3000030517578,163.5,183641,163.35885009765624,,163.3952392578125,,0.0,0.0,,,
2023-04-06 10:38:00-04:00,163.5,163.5800018310547,163.44000244140625,163.49989318847656,118092,163.3952392578125,,163.4172378540039,,0.0,0.0,,,
2023-04-06 10:39:00-04:00,163.4949951171875,163.5399932861328,163.42999267578125,163.5399932861328,124039,163.4172378540039,,163.4356689453125,,0.0,0.0,,,
2023-04-06 10:40:00-04:00,163.53909301757812,163.58990478515625,163.47999572753906,163.52000427246094,129652,163.4356689453125,,163.43981018066407,,0.0,0.0,,,
2023-04-06 10:41:00-04:00,163.5175018310547,163.5800018310547,163.36000061035156,163.40240478515625,139507,163.43981018066407,,163.43572998046875,,0.0,0.0,,,
2023-04-06 10:42:00-04:00,163.39999389648438,163.4084930419922,163.25999450683594,163.27000427246094,151795,163.43572998046875,,163.42722930908204,,0.0,0.0,,,
2023-04-06 10:43:00-04:00,163.25999450683594,163.27999877929688,163.1699981689453,163.25999450683594,138044,163.42722930908204,,163.41922912597656,,0.0,0.0,,,
2023-04-06 10:44:00-04:00,163.25999450683594,163.27999877929688,163.1999969482422,163.27499389648438,91154,163.41922912597656,,163.39922943115235,,0.0,0.0,,,
2023-04-06 10:45:00-04:00,163.27000427246094,163.27999877929688,163.17999267578125,163.24000549316406,90181,163.39922943115235,,163.40072937011718,,0.0,0.0,,,
2023-04-06 10:46:00-04:00,163.25,163.5699005126953,163.25,163.5,147757,163.40072937011718,,163.40762939453126,,0.0,0.0,,,
2023-04-06 10:47:00-04:00,163.52000427246094,163.57000732421875,163.47000122070312,163.56900024414062,97407,163.40762939453126,,163.406640625,,0.0,0.0,,,
2023-04-06 10:48:00-04:00,163.57000732421875,163.57989501953125,163.46400451660156,163.49000549316406,79019,163.406640625,,163.39064178466796,,0.0,0.0,,,
2023-04-06 10:49:00-04:00,163.47999572753906,163.50999450683594,163.2899932861328,163.3800048828125,128666,163.39064178466796,,163.37164154052735,,0.0,0.0,,,
2023-04-06 10:50:00-04:00,163.3800048828125,163.40809631347656,163.3300018310547,163.3300018310547,74357,163.37164154052735,,163.36615142822265,,0.0,0.0,,,
2023-04-06 10:51:00-04:00,163.3350067138672,163.41000366210938,163.30999755859375,163.34750366210938,73867,163.36615142822265,,163.36419067382812,,0.0,0.0,,,
2023-04-06 10:52:00-04:00,163.35000610351562,163.3800048828125,163.1999969482422,163.25039672851562,62574,163.36419067382812,,163.36819152832032,,0.0,0.0,,,
2023-04-06 10:53:00-04:00,163.25999450683594,163.3800048828125,163.2100067138672,163.3000030517578,72637,163.36819152832032,,163.37369232177736,,0.0,0.0,,,
2023-04-06 10:54:00-04:00,163.3000030517578,163.3800048828125,163.27999877929688,163.3300018310547,70103,163.37369232177736,,163.3806915283203,,0.0,0.0,,,
2023-04-06 10:55:00-04:00,163.3300018310547,163.3699951171875,163.25,163.30999755859375,116928,163.3806915283203,,163.36569213867188,,0.0,0.0,,,
2023-04-06 10:56:00-04:00,163.30999755859375,163.36500549316406,163.19000244140625,163.35000610351562,74466,163.36569213867188,,163.33429260253905,,0.0,0.0,,,
2023-04-06 10:57:00-04:00,163.35000610351562,163.35000610351562,163.24000549316406,163.2550048828125,57947,163.33429260253905,,163.31129150390626,,0.0,0.0,,,
2023-04-06 10:58:00-04:00,163.25559997558594,163.2899932861328,163.10000610351562,163.25999450683594,138959,163.31129150390626,,163.3006805419922,,0.0,0.0,,,
2023-04-06 10:59:00-04:00,163.25999450683594,163.27499389648438,163.2200927734375,163.27389526367188,47407,163.3006805419922,,163.30418090820314,,0.0,0.0,,,
2023-04-06 11:00:00-04:00,163.27999877929688,163.39999389648438,163.17999267578125,163.36500549316406,142216,163.30418090820314,,163.32943115234374,,0.0,0.0,,,
2023-04-06 11:01:00-04:00,163.3699951171875,163.6085968017578,163.36000061035156,163.60000610351562,155839,163.32943115234374,,163.37389221191407,,0.0,0.0,,,
2023-04-06 11:02:00-04:00,163.60000610351562,163.72999572753906,163.58009338378906,163.69500732421875,161360,163.37389221191407,,163.41289215087892,,0.0,0.0,,,
2023-04-06 11:03:00-04:00,163.6999969482422,163.75999450683594,163.6627960205078,163.69000244140625,110139,163.41289215087892,,163.45389251708986,,0.0,0.0,,,
2023-04-06 11:04:00-04:00,163.6999969482422,163.82000732421875,163.6999969482422,163.74000549316406,134145,163.45389251708986,,163.50489349365233,,0.0,0.0,,,
2023-04-06 11:05:00-04:00,163.74000549316406,163.85000610351562,163.72000122070312,163.82000732421875,102668,163.50489349365233,,163.54789276123046,,0.0,0.0,,,
2023-04-06 11:06:00-04:00,163.8249969482422,163.86000061035156,163.75,163.77999877929688,123280,163.54789276123046,,163.61239166259764,,0.0,0.0,,,
2023-04-06 11:07:00-04:00,163.7899932861328,163.9196014404297,163.72999572753906,163.89999389648438,97039,163.61239166259764,,163.67189178466796,,0.0,0.0,,,
2023-04-06 11:08:00-04:00,163.89500427246094,163.94000244140625,163.84500122070312,163.85499572753906,118337,163.67189178466796,,163.73650207519532,,0.0,0.0,,,
2023-04-06 11:09:00-04:00,163.85499572753906,163.9250030517578,163.80999755859375,163.9199981689453,85873,163.73650207519532,,163.78701171875,,0.0,0.0,,,
2023-04-06 11:10:00-04:00,163.92010498046875,163.9499969482422,163.85009765625,163.87010192871094,84486,163.78701171875,,163.80951080322265,,0.0,0.0,,,
2023-04-06 11:11:00-04:00,163.8699951171875,163.8800048828125,163.80999755859375,163.8249969482422,80741,163.80951080322265,,163.83000946044922,,0.0,0.0,,,
2023-04-06 11:12:00-04:00,163.8218994140625,163.94000244140625,163.8218994140625,163.89999389648438,97200,163.83000946044922,,163.85650939941405,,0.0,0.0,,,
2023-04-06 11:13:00-04:00,163.89999389648438,164.0,163.89500427246094,163.9550018310547,145592,163.85650939941405,,163.8715087890625,,0.0,0.0,,,
2023-04-06 11:14:00-04:00,163.9550018310547,163.97999572753906,163.88999938964844,163.88999938964844,60506,163.8715087890625,,163.8790084838867,,0.0,0.0,,,
2023-04-06 11:15:00-04:00,163.89999389648438,163.92999267578125,163.8699951171875,163.89500427246094,74423,163.8790084838867,,163.89941864013673,,0.0,0.0,,,
2023-04-06 11:16:00-04:00,163.89999389648438,164.0,163.8800048828125,163.98410034179688,89320,163.89941864013673,,163.9169189453125,,0.0,0.0,,,
2023-04-06 11:17:00-04:00,163.9842071533203,164.0800018310547,163.94000244140625,164.0749969482422,179633,163.9169189453125,,163.9389190673828,,0.0,0.0,,,
2023-04-06 11:18:00-04:00,164.0749969482422,164.1071014404297,164.00999450683594,164.0749969482422,136810,163.9389190673828,,163.95491943359374,,0.0,0.0,,,
2023-04-06 11:19:00-04:00,164.0800018310547,164.0850067138672,163.97999572753906,164.0800018310547,99115,163.95491943359374,,163.97940979003906,,0.0,0.0,,,
2023-04-06 11:20:00-04:00,164.07009887695312,164.1199951171875,164.0200958251953,164.11500549316406,94507,163.97940979003906,,164.01190948486328,,0.0,0.0,,,
2023-04-06 11:21:00-04:00,164.11990356445312,164.1999969482422,164.08999633789062,164.14999389648438,139893,164.01190948486328,,164.04091033935546,,0.0,0.0,,,
2023-04-06 11:22:00-04:00,164.16000366210938,164.22999572753906,164.13999938964844,164.19000244140625,120745,164.04091033935546,,164.0644104003906,,0.0,0.0,,,
2023-04-06 11:23:00-04:00,164.1920928955078,164.23989868164062,164.17010498046875,164.19000244140625,81574,164.0644104003906,,164.09990997314452,,0.0,0.0,,,
2023-04-06 11:24:00-04:00,164.18060302734375,164.25999450683594,164.17999267578125,164.2449951171875,94051,164.09990997314452,,164.12940979003906,,0.0,0.0,,,
2023-04-06 11:25:00-04:00,164.24000549316406,164.24000549316406,164.13999938964844,164.19000244140625,83176,164.12940979003906,,164.15050048828124,,0.0,0.0,,,
2023-04-06 11:26:00-04:00,164.19000244140625,164.2301025390625,164.17999267578125,164.19500732421875,79056,164.15050048828124,,164.15600128173827,,0.0,0.0,,,
2023-04-06 11:27:00-04:00,164.19009399414062,164.20770263671875,164.12030029296875,164.1300048828125,92097,164.15600128173827,,164.18300170898436,,0.0,0.0,,,
2023-04-06 11:28:00-04:00,164.13999938964844,164.35000610351562,164.13270568847656,164.34500122070312,136658,164.18300170898436,,164.19818115234375,,0.0,0.0,,,
2023-04-06 11:29:00-04:00,164.35000610351562,164.3699951171875,164.2198944091797,164.23179626464844,122382,164.19818115234375,,164.20568084716797,,0.0,0.0,,,
2023-04-06 11:30:00-04:00,164.24000549316406,164.27000427246094,164.13999938964844,164.19000244140625,96190,164.20568084716797,,164.198681640625,,0.0,0.0,,,
2023-04-06 11:31:00-04:00,164.19500732421875,164.1999969482422,164.0800018310547,164.0800018310547,70705,164.198681640625,,164.20018157958984,,0.0,0.0,,,
2023-04-06 11:32:00-04:00,164.0814971923828,164.27850341796875,164.07000732421875,164.2050018310547,111068,164.20018157958984,,164.20018157958984,,0.0,0.0,,,
2023-04-06 11:33:00-04:00,164.1999969482422,164.2449951171875,164.14999389648438,164.19000244140625,62570,164.20018157958984,,164.18218231201172,,0.0,0.0,,,
2023-04-06 11:34:00-04:00,164.19500732421875,164.1999969482422,164.05999755859375,164.06500244140625,71914,164.18218231201172,,164.1686813354492,,0.0,0.0,,,
2023-04-06 11:35:00-04:00,164.06500244140625,164.06500244140625,164.00999450683594,164.05499267578125,95665,164.1686813354492,,164.16318054199218,,0.0,0.0,,,
2023-04-06 11:36:00-04:00,164.0500946044922,164.1999969482422,164.0500946044922,164.13999938964844,75864,164.16318054199218,,164.17418060302734,,0.0,0.0,,,
2023-04-06 11:37:00-04:00,164.13870239257812,164.25,164.1300048828125,164.24000549316406,141818,164.17418060302734,,164.16468048095703,,0.0,0.0,,,
2023-04-06 11:38:00-04:00,164.24000549316406,164.32000732421875,164.1999969482422,164.25,134834,164.16468048095703,,164.17631072998046,,0.0,0.0,,,
2023-04-06 11:39:00-04:00,164.24400329589844,164.3480987548828,164.24000549316406,164.3480987548828,101613,164.17631072998046,,164.1943099975586,,0.0,0.0,,,
2023-04-06 11:40:00-04:00,164.35000610351562,164.38999938964844,164.27999877929688,164.3699951171875,79545,164.1943099975586,,164.22731018066406,,0.0,0.0,,,
2023-04-06 11:41:00-04:00,164.3800048828125,164.42999267578125,164.33999633789062,164.41000366210938,89082,164.22731018066406,,164.2548095703125,,0.0,0.0,,,
2023-04-06 11:42:00-04:00,164.41000366210938,164.5,164.39999389648438,164.47999572753906,143121,164.2548095703125,,164.28802947998048,,0.0,0.0,,,
2023-04-06 11:43:00-04:00,164.49000549316406,164.55999755859375,164.47000122070312,164.52220153808594,127002,164.28802947998048,,164.33352966308593,,0.0,0.0,,,
2023-04-06 11:44:00-04:00,164.52149963378906,164.5449981689453,164.49000549316406,164.52000427246094,76157,164.33352966308593,,164.3770309448242,,0.0,0.0,,,
2023-04-06 11:45:00-04:00,164.52999877929688,164.53500366210938,164.44000244140625,164.49000549316406,101471,164.3770309448242,,164.4120315551758,,0.0,0.0,,,
2023-04-06 11:46:00-04:00,164.49000549316406,164.52000427246094,164.47000122070312,164.49000549316406,79128,164.4120315551758,,164.45553131103514,,0.0,0.0,,,
2023-04-06 11:47:00-04:00,164.49989318847656,164.71499633789062,164.49000549316406,164.6750030517578,228195,164.45553131103514,,164.4935317993164,,0.0,0.0,,,
2023-04-06 11:48:00-04:00,164.6699981689453,164.75,164.58999633789062,164.6300048828125,137011,164.4935317993164,,164.5158218383789,,0.0,0.0,,,
2023-04-06 11:49:00-04:00,164.63499450683594,164.6699981689453,164.57000732421875,164.5709991455078,71719,164.5158218383789,,164.53382263183593,,0.0,0.0,,,
2023-04-06 11:50:00-04:00,164.57000732421875,164.5782928466797,164.47999572753906,164.5500030517578,99574,164.53382263183593,,164.5448226928711,,0.0,0.0,,,
2023-04-06 11:51:00-04:00,164.55999755859375,164.55999755859375,164.49000549316406,164.52000427246094,72721,164.5448226928711,,164.53832244873047,,0.0,0.0,,,
2023-04-06 11:52:00-04:00,164.52000427246094,164.5399932861328,164.41000366210938,164.4149932861328,100999,164.53832244873047,,164.53060302734374,,0.0,0.0,,,
2023-04-06 11:53:00-04:00,164.42149353027344,164.49000549316406,164.4199981689453,164.44500732421875,76192,164.53060302734374,,164.52310333251953,,0.0,0.0,,,
2023-04-06 11:54:00-04:00,164.44500732421875,164.49000549316406,164.4199981689453,164.44500732421875,76962,164.52310333251953,,164.52098236083984,,0.0,0.0,,,
2023-04-06 11:55:00-04:00,164.44500732421875,164.47999572753906,164.4199981689453,164.4687957763672,60456,164.52098236083984,,164.51998138427734,,0.0,0.0,,,
2023-04-06 11:56:00-04:00,164.46499633789062,164.53500366210938,164.46499633789062,164.47999572753906,60455,164.51998138427734,,164.50148162841796,,0.0,0.0,,,
2023-04-06 11:57:00-04:00,164.47999572753906,164.5500030517578,164.45889282226562,164.49000549316406,68392,164.50148162841796,,164.4944808959961,,0.0,0.0,,,
2023-04-06 11:58:00-04:00,164.4832000732422,164.60989379882812,164.47999572753906,164.55999755859375,79289,164.4944808959961,,164.490380859375,,0.0,0.0,,,
2023-04-06 11:59:00-04:00,164.55999755859375,164.58120727539062,164.52000427246094,164.52999877929688,75260,164.490380859375,,164.5083801269531,,0.0,0.0,,,
2023-04-06 12:00:00-04:00,164.52999877929688,164.77999877929688,164.5200958251953,164.72999572753906,120100,164.5083801269531,,164.53838043212892,,0.0,0.0,,,
2023-04-06 12:01:00-04:00,164.72999572753906,164.8300018310547,164.72000122070312,164.82000732421875,236147,164.53838043212892,,164.58088073730468,,0.0,0.0,,,
2023-04-06 12:02:00-04:00,164.8300018310547,164.89999389648438,164.82000732421875,164.83999633789062,103901,164.58088073730468,,164.62438049316407,,0.0,0.0,,,
2023-04-06 12:03:00-04:00,164.83990478515625,164.88999938964844,164.83990478515625,164.8800048828125,65199,164.62438049316407,,164.66887969970702,,0.0,0.0,,,
2023-04-06 12:04:00-04:00,164.88999938964844,164.95840454101562,164.85000610351562,164.88999938964844,323722,164.66887969970702,,164.70406036376954,,0.0,0.0,,,
2023-04-06 12:05:00-04:00,164.88999938964844,164.88999938964844,164.8206024169922,164.8206024169922,64944,164.70406036376954,,164.72907104492188,,0.0,0.0,,,
2023-04-06 12:06:00-04:00,164.8249969482422,164.8800048828125,164.7100067138672,164.7301025390625,105353,164.72907104492188,,164.7480697631836,,0.0,0.0,,,
2023-04-06 12:07:00-04:00,164.72999572753906,164.77999877929688,164.6719970703125,164.67999267578125,80746,164.7480697631836,,164.76856994628906,,0.0,0.0,,,
2023-04-06 12:08:00-04:00,164.69000244140625,164.77000427246094,164.6699981689453,164.76499938964844,61460,164.76856994628906,,164.78856964111327,,0.0,0.0,,,
2023-04-06 12:09:00-04:00,164.76499938964844,164.78900146484375,164.72000122070312,164.72999572753906,59401,164.78856964111327,,164.7825698852539,,0.0,0.0,,,
2023-04-06 12:10:00-04:00,164.72000122070312,164.7548065185547,164.6699981689453,164.6699981689453,79457,164.7825698852539,,164.7669692993164,,0.0,0.0,,,
2023-04-06 12:11:00-04:00,164.67999267578125,164.70989990234375,164.6199951171875,164.66400146484375,55389,164.7669692993164,,164.7569595336914,,0.0,0.0,,,
2023-04-06 12:12:00-04:00,164.66000366210938,164.74000549316406,164.66000366210938,164.73989868164062,42718,164.7569595336914,,164.7442184448242,,0.0,0.0,,,
2023-04-06 12:13:00-04:00,164.72999572753906,164.77999877929688,164.69000244140625,164.75259399414062,60090,164.7442184448242,,164.72421875,,0.0,0.0,,,
2023-04-06 12:14:00-04:00,164.7550048828125,164.77999877929688,164.69000244140625,164.69000244140625,57684,164.72421875,,164.7036590576172,,0.0,0.0,,,
2023-04-06 12:15:00-04:00,164.6999969482422,164.72999572753906,164.58999633789062,164.61500549316406,83261,164.7036590576172,,164.70764923095703,,0.0,0.0,,,
2023-04-06 12:16:00-04:00,164.6199951171875,164.806396484375,164.61000061035156,164.77000427246094,56900,164.70764923095703,,164.7121597290039,,0.0,0.0,,,
2023-04-06 12:17:00-04:00,164.77499389648438,164.80990600585938,164.71499633789062,164.72509765625,65256,164.7121597290039,,164.70115966796874,,0.0,0.0,,,
2023-04-06 12:18:00-04:00,164.72030639648438,164.74000549316406,164.64999389648438,164.65499877929688,60586,164.70115966796874,,164.6826599121094,,0.0,0.0,,,
2023-04-06 12:19:00-04:00,164.66000366210938,164.6649932861328,164.53500366210938,164.5449981689453,67602,164.6826599121094,,164.66766052246095,,0.0,0.0,,,
2023-04-06 12:20:00-04:00,164.5500030517578,164.57000732421875,164.470703125,164.52000427246094,119672,164.66766052246095,,164.64476013183594,,0.0,0.0,,,
2023-04-06 12:21:00-04:00,164.52000427246094,164.52520751953125,164.4199981689453,164.43499755859375,90276,164.64476013183594,,164.61226959228514,,0.0,0.0,,,
2023-04-06 12:22:00-04:00,164.42999267578125,164.47999572753906,164.40499877929688,164.4149932861328,60996,164.61226959228514,,164.58251037597657,,0.0,0.0,,,
2023-04-06 12:23:00-04:00,164.4102020263672,164.49000549316406,164.4102020263672,164.4550018310547,61264,164.58251037597657,,164.5657196044922,,0.0,0.0,,,
2023-04-06 12:24:00-04:00,164.4550018310547,164.55560302734375,164.4550018310547,164.5220947265625,58843,164.5657196044922,,164.5542190551758,,0.0,0.0,,,
2023-04-06 12:25:00-04:00,164.52000427246094,164.5522003173828,164.47999572753906,164.5,53959,164.5542190551758,,164.5327178955078,,0.0,0.0,,,
2023-04-06 12:26:00-04:00,164.5,164.55999755859375,164.4947967529297,164.55499267578125,35929,164.5327178955078,,164.51463775634767,,0.0,0.0,,,
2023-04-06 12:27:00-04:00,164.55999755859375,164.5800018310547,164.52000427246094,164.54429626464844,47953,164.51463775634767,,164.51013793945313,,0.0,0.0,,,
2023-04-06 12:28:00-04:00,164.54769897460938,164.6199951171875,164.5059051513672,164.61000061035156,45287,164.51013793945313,,164.51363830566407,,0.0,0.0,,,
2023-04-06 12:29:00-04:00,164.6199951171875,164.6199951171875,164.55999755859375,164.5800018310547,33848,164.51363830566407,,164.52763824462892,,0.0,0.0,,,
2023-04-06 12:30:00-04:00,164.5800018310547,164.6699981689453,164.5800018310547,164.66000366210938,77170,164.52763824462892,,164.55313873291016,,0.0,0.0,,,
2023-04-06 12:31:00-04:00,164.66000366210938,164.72999572753906,164.6584014892578,164.69000244140625,78922,164.55313873291016,,164.59263916015624,,0.0,0.0,,,
2023-04-06 12:32:00-04:00,164.6999969482422,164.8699951171875,164.6999969482422,164.80999755859375,101440,164.59263916015624,,164.62813873291014,,0.0,0.0,,,
2023-04-06 12:33:00-04:00,164.81809997558594,164.83999633789062,164.75990295410156,164.80999755859375,61540,164.62813873291014,,164.65142974853515,,0.0,0.0,,,
2023-04-06 12:34:00-04:00,164.82000732421875,164.8300018310547,164.75,164.7550048828125,45431,164.65142974853515,,164.67642974853516,,0.0,0.0,,,
2023-04-06 12:35:00-04:00,164.7550048828125,164.8000030517578,164.72999572753906,164.75,52959,164.67642974853516,,164.7039306640625,,0.0,0.0,,,
2023-04-06 12:36:00-04:00,164.7407989501953,164.83999633789062,164.7407989501953,164.8300018310547,67723,164.7039306640625,,164.72150115966798,,0.0,0.0,,,
2023-04-06 12:37:00-04:00,164.83999633789062,164.85000610351562,164.69000244140625,164.72000122070312,86821,164.72150115966798,,164.72350158691407,,0.0,0.0,,,
2023-04-06 12:38:00-04:00,164.72000122070312,164.7299041748047,164.61000061035156,164.6300048828125,59450,164.72350158691407,,164.72651214599608,,0.0,0.0,,,
2023-04-06 12:39:00-04:00,164.6300048828125,164.63600158691406,164.60000610351562,164.610107421875,43119,164.72651214599608,,164.7305114746094,,0.0,0.0,,,
2023-04-06 12:40:00-04:00,164.610107421875,164.7100067138672,164.610107421875,164.6999969482422,68906,164.7305114746094,,164.73101196289062,,0.0,0.0,,,
2023-04-06 12:41:00-04:00,164.6999969482422,164.74000549316406,164.6800994873047,164.69500732421875,71201,164.73101196289062,,164.7225128173828,,0.0,0.0,,,
2023-04-06 12:42:00-04:00,164.75999450683594,164.77999877929688,164.72000122070312,164.72500610351562,49635,164.7225128173828,,164.72201232910157,,0.0,0.0,,,
2023-04-06 12:43:00-04:00,164.72149658203125,164.8300018310547,164.72000122070312,164.80499267578125,58621,164.72201232910157,,164.72451171875,,0.0,0.0,,,
2023-04-06 12:44:00-04:00,164.80999755859375,164.83799743652344,164.7624969482422,164.77999877929688,46803,164.72451171875,,164.72751159667968,,0.0,0.0,,,
2023-04-06 12:45:00-04:00,164.7899932861328,164.80999755859375,164.7100067138672,164.77999877929688,50426,164.72751159667968,,164.7215118408203,,0.0,0.0,,,
2023-04-06 12:46:00-04:00,164.7803955078125,164.8000030517578,164.69000244140625,164.77000427246094,65716,164.7215118408203,,164.72601165771485,,0.0,0.0,,,
2023-04-06 12:47:00-04:00,164.77000427246094,164.7899932861328,164.73500061035156,164.76499938964844,104461,164.72601165771485,,164.7360107421875,,0.0,0.0,,,
2023-04-06 12:48:00-04:00,164.76910400390625,164.80999755859375,164.72999572753906,164.72999572753906,78158,164.7360107421875,,164.75303955078124,163.7396760559082,0.0,0.0,,,
2023-04-06 12:49:00-04:00,164.73500061035156,164.8000030517578,164.7100067138672,164.7803955078125,61567,164.75303955078124,163.7396760559082,164.76208953857423,163.74997856140138,0.0,0.0,,,
2023-04-06 12:50:00-04:00,164.77999877929688,164.82000732421875,164.77999877929688,164.79049682617188,51666,164.76208953857423,163.74997856140138,164.76258850097656,163.76122856140137,0.0,0.0,,,
2023-04-06 12:51:00-04:00,164.7899932861328,164.7899932861328,164.6999969482422,164.6999969482422,43585,164.76258850097656,163.76122856140137,164.76209716796876,163.77407905578613,0.0,0.0,,,
2023-04-06 12:52:00-04:00,164.69500732421875,164.74000549316406,164.6699981689453,164.7200927734375,54538,164.76209716796876,163.77407905578613,164.74880828857422,163.78688957214356,0.0,0.0,,,
2023-04-06 12:53:00-04:00,164.72000122070312,164.7799072265625,164.6649932861328,164.67210388183594,32948,164.74880828857422,163.78688957214356,164.73094787597657,163.79959655761718,0.0,0.0,,,
2023-04-06 12:54:00-04:00,164.6699981689453,164.6699981689453,164.60000610351562,164.6013946533203,54167,164.73094787597657,163.79959655761718,164.7019485473633,163.81129661560058,0.0,0.0,,,
2023-04-06 12:55:00-04:00,164.60000610351562,164.60000610351562,164.47000122070312,164.49000549316406,80280,164.7019485473633,163.81129661560058,164.67644805908202,163.82319664001466,0.0,0.0,,,
2023-04-06 12:56:00-04:00,164.49000549316406,164.5399932861328,164.47999572753906,164.51499938964844,49706,164.67644805908202,163.82319664001466,164.6489486694336,163.83411163330078,0.0,0.0,,,
2023-04-06 12:57:00-04:00,164.51499938964844,164.5399932861328,164.4600067138672,164.49000549316406,55176,164.6489486694336,163.83411163330078,164.62093963623047,163.84431114196778,0.0,0.0,,,
2023-04-06 12:58:00-04:00,164.49000549316406,164.4949951171875,164.41259765625,164.4499053955078,84530,164.62093963623047,163.84431114196778,164.59040069580078,163.85513618469238,0.0,0.0,,,
2023-04-06 12:59:00-04:00,164.4499969482422,164.50999450683594,164.44000244140625,164.47500610351562,52207,164.59040069580078,163.85513618469238,164.55135040283204,163.8664171600342,0.0,0.0,,,
2023-04-06 13:00:00-04:00,164.47500610351562,164.49000549316406,164.38999938964844,164.39999389648438,72197,164.55135040283204,163.8664171600342,164.51935119628905,163.87671714782715,0.0,0.0,,,
2023-04-06 13:01:00-04:00,164.40499877929688,164.41000366210938,164.33999633789062,164.3800048828125,63043,164.51935119628905,163.87671714782715,164.49136199951172,163.88714317321777,0.0,0.0,,,
2023-04-06 13:02:00-04:00,164.38499450683594,164.45860290527344,164.3300018310547,164.44020080566406,75096,164.49136199951172,163.88714317321777,164.47127227783204,163.89784370422365,0.0,0.0,,,
2023-04-06 13:03:00-04:00,164.44500732421875,164.50999450683594,164.44500732421875,164.47120666503906,78314,164.47127227783204,163.89784370422365,164.45313262939453,163.90834365844728,0.0,0.0,,,
2023-04-06 13:04:00-04:00,164.47000122070312,164.47500610351562,164.36000061035156,164.4199981689453,39487,164.45313262939453,163.90834365844728,164.45013275146485,163.91998565673828,0.0,0.0,,,
2023-04-06 13:05:00-04:00,164.4149932861328,164.47500610351562,164.4149932861328,164.4600067138672,45302,164.45013275146485,163.91998565673828,164.45113220214844,163.93201065063477,0.0,0.0,,,
2023-04-06 13:06:00-04:00,164.46499633789062,164.5500030517578,164.4550018310547,164.52499389648438,58252,164.45113220214844,163.93201065063477,164.45313110351563,163.94383560180665,0.0,0.0,,,
2023-04-06 13:07:00-04:00,164.52999877929688,164.5500030517578,164.47000122070312,164.50999450683594,53427,164.45313110351563,163.94383560180665,164.4681411743164,163.9559356689453,0.0,0.0,,,
2023-04-06 13:08:00-04:00,164.5050048828125,164.60499572753906,164.5,164.60000610351562,85755,164.4681411743164,163.9559356689453,164.47165069580078,163.96762519836426,0.0,0.0,,,
2023-04-06 13:09:00-04:00,164.58999633789062,164.60499572753906,164.51010131835938,164.51010131835938,40344,164.47165069580078,163.96762519836426,164.48365173339843,163.97823921203613,0.0,0.0,,,
2023-04-06 13:10:00-04:00,164.51829528808594,164.57000732421875,164.50999450683594,164.52000427246094,37231,164.48365173339843,163.97823921203613,164.4958511352539,163.98876373291014,0.0,0.0,,,
2023-04-06 13:11:00-04:00,164.5126953125,164.52999877929688,164.48500061035156,164.5019989013672,50609,164.4958511352539,163.98876373291014,164.4989212036133,163.99954376220703,0.0,0.0,,,
2023-04-06 13:12:00-04:00,164.5050048828125,164.52000427246094,164.44000244140625,164.4709014892578,34634,164.4989212036133,163.99954376220703,164.4947998046875,164.00977073669435,0.0,0.0,,,
2023-04-06 13:13:00-04:00,164.47000122070312,164.47000122070312,164.39999389648438,164.42999267578125,41981,164.4947998046875,164.00977073669435,164.49378967285156,164.01972023010254,0.0,0.0,,,
2023-04-06 13:14:00-04:00,164.42999267578125,164.42999267578125,164.36500549316406,164.40989685058594,111369,164.49378967285156,164.01972023010254,164.49673919677736,164.02986770629883,0.0,0.0,,,
2023-04-06 13:15:00-04:00,164.41000366210938,164.50999450683594,164.39999389648438,164.489501953125,70452,164.49673919677736,164.02986770629883,164.5012405395508,164.04056777954102,0.0,0.0,,,
2023-04-06 13:16:00-04:00,164.5050048828125,164.58999633789062,164.5050048828125,164.57000732421875,82692,164.5012405395508,164.04056777954102,164.49224090576172,164.05071723937988,0.0,0.0,,,
2023-04-06 13:17:00-04:00,164.57000732421875,164.57000732421875,164.4199981689453,164.4199981689453,58182,164.49224090576172,164.05071723937988,164.4752395629883,164.05976722717284,0.0,0.0,,,
2023-04-06 13:18:00-04:00,164.4199981689453,164.47000122070312,164.41000366210938,164.42999267578125,50587,164.4752395629883,164.05976722717284,164.46422882080077,164.0683422088623,0.0,0.0,,,
2023-04-06 13:19:00-04:00,164.43789672851562,164.44000244140625,164.360107421875,164.39999389648438,52979,164.46422882080077,164.0683422088623,164.45472869873046,164.07651725769043,0.0,0.0,,,
2023-04-06 13:20:00-04:00,164.39500427246094,164.47000122070312,164.39500427246094,164.4250030517578,55705,164.45472869873046,164.07651725769043,164.44202880859376,164.08419227600098,0.0,0.0,,,
2023-04-06 13:21:00-04:00,164.42999267578125,164.44000244140625,164.3699951171875,164.375,51916,164.44202880859376,164.08419227600098,164.44393920898438,164.0917423248291,0.0,0.0,,,
2023-04-06 13:22:00-04:00,164.37989807128906,164.50999450683594,164.37989807128906,164.49000549316406,70412,164.44393920898438,164.0917423248291,164.44994049072267,164.10034233093262,0.0,0.0,,,
2023-04-06 13:23:00-04:00,164.48500061035156,164.5,164.4403076171875,164.49000549316406,38038,164.44994049072267,164.10034233093262,164.4489501953125,164.10776733398438,0.0,0.0,,,
2023-04-06 13:24:00-04:00,164.49000549316406,164.5399932861328,164.39999389648438,164.39999389648438,60016,164.4489501953125,164.10776733398438,164.43829040527345,164.11403137207031,0.0,0.0,,,
2023-04-06 13:25:00-04:00,164.40750122070312,164.42999267578125,164.36000061035156,164.38290405273438,61431,164.43829040527345,164.11403137207031,164.41878967285157,164.12065635681154,0.0,0.0,,,
2023-04-06 13:26:00-04:00,164.38499450683594,164.4376983642578,164.36000061035156,164.375,66735,164.41878967285157,164.12065635681154,164.41629028320312,164.12675636291505,0.0,0.0,,,
2023-04-06 13:27:00-04:00,164.3699951171875,164.41000366210938,164.3699951171875,164.39500427246094,32364,164.41629028320312,164.12675636291505,164.40629119873046,164.1331813812256,0.0,0.0,,,
2023-04-06 13:28:00-04:00,164.39419555664062,164.4499969482422,164.32009887695312,164.3300018310547,42103,164.40629119873046,164.1331813812256,164.4002914428711,164.1399063873291,0.0,0.0,,,
2023-04-06 13:29:00-04:00,164.3350067138672,164.3800048828125,164.3000030517578,164.33999633789062,78229,164.4002914428711,164.1399063873291,164.40579071044922,164.14750633239746,0.0,0.0,,,
2023-04-06 13:30:00-04:00,164.33999633789062,164.48500061035156,164.33999633789062,164.47999572753906,67219,164.40579071044922,164.14750633239746,164.42328033447265,164.15440582275392,0.0,0.0,,,
2023-04-06 13:31:00-04:00,164.47999572753906,164.57000732421875,164.4739990234375,164.54989624023438,73279,164.42328033447265,164.15440582275392,164.4267791748047,164.16123077392578,0.0,0.0,,,
2023-04-06 13:32:00-04:00,164.5399932861328,164.5800018310547,164.5,164.52499389648438,60208,164.4267791748047,164.16123077392578,164.4257781982422,164.16803077697753,0.0,0.0,,,
2023-04-06 13:33:00-04:00,164.52999877929688,164.5738067626953,164.44000244140625,164.47999572753906,215259,164.4257781982422,164.16803077697753,164.4292785644531,164.17445579528808,0.0,0.0,,,
2023-04-06 13:34:00-04:00,164.47999572753906,164.52999877929688,164.42999267578125,164.43499755859375,94327,164.4292785644531,164.17445579528808,164.44248809814454,164.18115982055664,0.0,0.0,,,
2023-04-06 13:35:00-04:00,164.4329071044922,164.52999877929688,164.4329071044922,164.51499938964844,56294,164.44248809814454,164.18115982055664,164.46754760742186,164.18843727111818,0.0,0.0,,,
2023-04-06 13:36:00-04:00,164.52000427246094,164.6300048828125,164.52000427246094,164.62559509277344,58093,164.46754760742186,164.18843727111818,164.49504699707032,164.19593727111817,0.0,0.0,,,
2023-04-06 13:37:00-04:00,164.6300048828125,164.7100067138672,164.6199951171875,164.6699981689453,86750,164.49504699707032,164.19593727111817,164.53204650878905,164.20388725280762,0.0,0.0,,,
2023-04-06 13:38:00-04:00,164.66209411621094,164.6999969482422,164.63009643554688,164.6999969482422,55929,164.53204650878905,164.20388725280762,164.5650375366211,164.21253677368165,0.0,0.0,,,
2023-04-06 13:39:00-04:00,164.68800354003906,164.69000244140625,164.64999389648438,164.66990661621094,24100,164.5650375366211,164.21253677368165,164.58800811767577,164.22111030578614,0.0,0.0,,,
2023-04-06 13:40:00-04:00,164.6699981689453,164.7449951171875,164.6300048828125,164.70970153808594,113303,164.58800811767577,164.22111030578614,164.59461822509766,164.22887031555175,0.0,0.0,,,
2023-04-06 13:41:00-04:00,164.71009826660156,164.72860717773438,164.61000061035156,164.61599731445312,51115,164.59461822509766,164.22887031555175,164.59839935302733,164.2369093322754,0.0,0.0,,,
2023-04-06 13:42:00-04:00,164.61000061035156,164.61000061035156,164.5399932861328,164.56280517578125,57900,164.59839935302733,164.2369093322754,164.60867919921876,164.24464729309082,0.0,0.0,,,
2023-04-06 13:43:00-04:00,164.5601043701172,164.61000061035156,164.5500030517578,164.58279418945312,39847,164.60867919921876,164.24464729309082,164.62392883300782,164.2522272491455,0.0,0.0,,,
2023-04-06 13:44:00-04:00,164.5800018310547,164.66000366210938,164.5800018310547,164.58749389648438,48921,164.62392883300782,164.2522272491455,164.63150939941406,164.2595063018799,0.0,0.0,,,
2023-04-06 13:45:00-04:00,164.58999633789062,164.60989379882812,164.55499267578125,164.59080505371094,43633,164.63150939941406,164.2595063018799,164.62695922851563,164.26635627746583,0.0,0.0,,,
2023-04-06 13:46:00-04:00,164.59500122070312,164.61000061035156,164.5800018310547,164.58009338378906,29794,164.62695922851563,164.26635627746583,164.6129592895508,164.27291374206544,0.0,0.0,,,
2023-04-06 13:47:00-04:00,164.58999633789062,164.59100341796875,164.50230407714844,164.52999877929688,56882,164.6129592895508,164.27291374206544,164.60235900878905,164.28020370483398,0.0,0.0,,,
2023-04-06 13:48:00-04:00,164.52330017089844,164.6199951171875,164.52000427246094,164.593994140625,54075,164.60235900878905,164.28020370483398,164.6003677368164,164.28685363769532,0.0,0.0,,,
2023-04-06 13:49:00-04:00,164.60000610351562,164.66000366210938,164.60000610351562,164.64999389648438,29586,164.6003677368164,164.28685363769532,164.59589691162108,164.2935001373291,0.0,0.0,,,
2023-04-06 13:50:00-04:00,164.65499877929688,164.68499755859375,164.61000061035156,164.6649932861328,52681,164.59589691162108,164.2935001373291,164.6032974243164,164.30014518737792,0.0,0.0,,,
2023-04-06 13:51:00-04:00,164.66600036621094,164.7100067138672,164.6320037841797,164.69000244140625,50902,164.6032974243164,164.30014518737792,164.6140167236328,164.3069411468506,0.0,0.0,,,
2023-04-06 13:52:00-04:00,164.68490600585938,164.68499755859375,164.6199951171875,164.6699981689453,68173,164.6140167236328,164.3069411468506,164.62164764404298,164.31351165771486,0.0,0.0,,,
2023-04-06 13:53:00-04:00,164.67250061035156,164.75,164.60000610351562,164.6591033935547,108990,164.62164764404298,164.31351165771486,164.63189849853515,164.3201866912842,0.0,0.0,,,
2023-04-06 13:54:00-04:00,164.6627960205078,164.7050018310547,164.63360595703125,164.69000244140625,68525,164.63189849853515,164.3201866912842,164.6368179321289,164.3261866760254,0.0,0.0,,,
2023-04-06 13:55:00-04:00,164.6988067626953,164.7050018310547,164.6199951171875,164.63999938964844,44248,164.6368179321289,164.3261866760254,164.64380798339843,164.33201164245605,0.0,0.0,,,
2023-04-06 13:56:00-04:00,164.64999389648438,164.66000366210938,164.6199951171875,164.64999389648438,38319,164.64380798339843,164.33201164245605,164.6548080444336,164.3377116394043,0.0,0.0,,,
2023-04-06 13:57:00-04:00,164.65499877929688,164.6800994873047,164.61500549316406,164.63999938964844,98491,164.6548080444336,164.3377116394043,164.6734191894531,164.344112701416,0.0,0.0,,,
2023-04-06 13:58:00-04:00,164.64990234375,164.78829956054688,164.63499450683594,164.7801055908203,81425,164.6734191894531,164.344112701416,164.68941955566407,164.35046272277833,0.0,0.0,,,
2023-04-06 13:59:00-04:00,164.78500366210938,164.80999755859375,164.75010681152344,164.80999755859375,86835,164.68941955566407,164.35046272277833,164.70492095947264,164.3569627380371,0.0,0.0,,,
2023-04-06 14:00:00-04:00,164.80999755859375,164.8699951171875,164.7899932861328,164.82000732421875,104202,164.70492095947264,164.3569627380371,164.7159210205078,164.36395072937012,0.0,0.0,,,
2023-04-06 14:01:00-04:00,164.82859802246094,164.8300018310547,164.77000427246094,164.8000030517578,61665,164.7159210205078,164.36395072937012,164.7239212036133,164.3713507080078,0.0,0.0,,,
2023-04-06 14:02:00-04:00,164.7899932861328,164.8300018310547,164.7375030517578,164.75,99643,164.7239212036133,164.3713507080078,164.71551055908202,164.37792572021485,0.0,0.0,,,
2023-04-06 14:03:00-04:00,164.74000549316406,164.75999450683594,164.57000732421875,164.5749969482422,86728,164.71551055908202,164.37792572021485,164.70751037597657,164.38460075378418,0.0,0.0,,,
2023-04-06 14:04:00-04:00,164.5800018310547,164.63999938964844,164.55499267578125,164.61000061035156,69001,164.70751037597657,164.38460075378418,164.70550994873048,164.3915007019043,0.0,0.0,,,
2023-04-06 14:05:00-04:00,164.60499572753906,164.66000366210938,164.60000610351562,164.6199951171875,43259,164.70550994873048,164.3915007019043,164.7110610961914,164.39752822875977,0.0,0.0,,,
2023-04-06 14:06:00-04:00,164.6300048828125,164.72000122070312,164.625,164.70550537109375,47617,164.7110610961914,164.39752822875977,164.7215606689453,164.403408203125,0.0,0.0,,,
2023-04-06 14:07:00-04:00,164.6999969482422,164.77999877929688,164.6999969482422,164.7449951171875,73872,164.7215606689453,164.403408203125,164.7250503540039,164.41003318786622,0.0,0.0,,,
2023-04-06 14:08:00-04:00,164.7449951171875,164.8249969482422,164.72999572753906,164.81500244140625,64442,164.7250503540039,164.41003318786622,164.71905059814452,164.41688316345216,0.0,0.0,,,
2023-04-06 14:09:00-04:00,164.8249969482422,164.8300018310547,164.72999572753906,164.75,55258,164.71905059814452,164.41688316345216,164.71905059814452,164.42433319091796,0.0,0.0,,,
2023-04-06 14:10:00-04:00,164.75,164.82000732421875,164.73500061035156,164.82000732421875,51979,164.71905059814452,164.42433319091796,164.7100601196289,164.43114616394044,0.0,0.0,,,
2023-04-06 14:11:00-04:00,164.8249969482422,164.83999633789062,164.7100067138672,164.71009826660156,51278,164.7100601196289,164.43114616394044,164.7100601196289,164.43864418029784,0.0,0.0,,,
2023-04-06 14:12:00-04:00,164.7100067138672,164.77000427246094,164.70989990234375,164.75,35559,164.7100601196289,164.43864418029784,164.7264602661133,164.4458391571045,0.0,0.0,,,
2023-04-06 14:13:00-04:00,164.75,164.77999877929688,164.7200927734375,164.73899841308594,32272,164.7264602661133,164.4458391571045,164.7454605102539,164.453189163208,0.0,0.0,,,
2023-04-06 14:14:00-04:00,164.73500061035156,164.8000030517578,164.72999572753906,164.8000030517578,47696,164.7454605102539,164.453189163208,164.7639602661133,164.46066413879396,0.0,0.0,,,
2023-04-06 14:15:00-04:00,164.79769897460938,164.85000610351562,164.77999877929688,164.80499267578125,57470,164.7639602661133,164.46066413879396,164.76390991210937,164.46743911743164,0.0,0.0,,,
2023-04-06 14:16:00-04:00,164.80499267578125,164.84500122070312,164.67999267578125,164.7050018310547,76192,164.76390991210937,164.46743911743164,164.760009765625,164.4746940612793,0.0,0.0,,,
2023-04-06 14:17:00-04:00,164.7100067138672,164.75999450683594,164.6999969482422,164.70599365234375,42474,164.760009765625,164.4746940612793,164.75101013183593,164.4820191192627,0.0,0.0,,,
2023-04-06 14:18:00-04:00,164.7050018310547,164.75,164.69410705566406,164.72500610351562,26493,164.75101013183593,164.4820191192627,164.75401000976564,164.48954963684082,0.0,0.0,,,
2023-04-06 14:19:00-04:00,164.72999572753906,164.77999877929688,164.7100067138672,164.77999877929688,49993,164.75401000976564,164.48954963684082,164.74400939941407,164.49632461547853,0.0,0.0,,,
2023-04-06 14:20:00-04:00,164.77999877929688,164.78610229492188,164.7100067138672,164.72000122070312,39828,164.74400939941407,164.49632461547853,164.7404998779297,164.50169960021972,0.0,0.0,,,
2023-04-06 14:21:00-04:00,164.7100067138672,164.72000122070312,164.6699981689453,164.6750030517578,44519,164.7404998779297,164.50169960021972,164.7428192138672,164.50709053039552,0.0,0.0,,,
2023-04-06 14:22:00-04:00,164.6699981689453,164.77999877929688,164.6699981689453,164.773193359375,46533,164.7428192138672,164.50709053039552,164.74641876220704,164.5125154876709,0.0,0.0,,,
2023-04-06 14:23:00-04:00,164.77999877929688,164.8000030517578,164.72999572753906,164.77499389648438,57413,164.74641876220704,164.5125154876709,164.74226837158204,164.51760795593262,0.0,0.0,,,
2023-04-06 14:24:00-04:00,164.77999877929688,164.78500366210938,164.72999572753906,164.7584991455078,33151,164.74226837158204,164.51760795593262,164.7367691040039,164.52225791931153,0.0,0.0,,,
2023-04-06 14:25:00-04:00,164.75680541992188,164.80990600585938,164.74000549316406,164.75,41197,164.7367691040039,164.52225791931153,164.7492691040039,164.5275079345703,0.0,0.0,,,
2023-04-06 14:26:00-04:00,164.74000549316406,164.83999633789062,164.74000549316406,164.8300018310547,55980,164.7492691040039,164.5275079345703,164.75850982666014,164.53199996948243,0.0,0.0,,,
2023-04-06 14:27:00-04:00,164.8300018310547,164.83470153808594,164.77000427246094,164.79840087890625,31131,164.75850982666014,164.53199996948243,164.76607971191407,164.536728515625,0.0,0.0,,,
2023-04-06 14:28:00-04:00,164.7949981689453,164.80999755859375,164.77499389648438,164.8007049560547,37782,164.76607971191407,164.536728515625,164.76907958984376,164.54117851257325,0.0,0.0,,,
2023-04-06 14:29:00-04:00,164.8000030517578,164.82000732421875,164.7801055908203,164.80999755859375,22402,164.76907958984376,164.54117851257325,164.7830795288086,164.54612800598144,0.0,0.0,,,
2023-04-06 14:30:00-04:00,164.80999755859375,164.8800048828125,164.80999755859375,164.86000061035156,80379,164.7830795288086,164.54612800598144,164.79756927490234,164.5511025238037,0.0,0.0,,,
2023-04-06 14:31:00-04:00,164.86070251464844,164.8800048828125,164.80999755859375,164.8199005126953,53484,164.79756927490234,164.5511025238037,164.80574951171874,164.555877532959,0.0,0.0,,,
2023-04-06 14:32:00-04:00,164.81500244140625,164.8800048828125,164.80999755859375,164.85499572753906,49086,164.80574951171874,164.555877532959,164.8092498779297,164.56015251159667,0.0,0.0,,,
2023-04-06 14:33:00-04:00,164.86000061035156,164.89999389648438,164.8000030517578,164.80999755859375,74900,164.8092498779297,164.56015251159667,164.82039947509764,164.56505249023436,0.0,0.0,,,
2023-04-06 14:34:00-04:00,164.82000732421875,164.8800048828125,164.8000030517578,164.8699951171875,55782,164.82039947509764,164.56505249023436,164.8355697631836,164.57008598327636,0.0,0.0,,,
2023-04-06 14:35:00-04:00,164.86749267578125,164.91000366210938,164.85000610351562,164.90170288085938,47010,164.8355697631836,164.57008598327636,164.84156951904296,164.57461547851562,0.0,0.0,,,
2023-04-06 14:36:00-04:00,164.90159606933594,164.94000244140625,164.87010192871094,164.88999938964844,63112,164.84156951904296,164.57461547851562,164.8507293701172,164.57869049072266,0.0,0.0,,,
2023-04-06 14:37:00-04:00,164.88999938964844,164.9199981689453,164.8699951171875,164.88999938964844,56254,164.8507293701172,164.57869049072266,164.85865936279296,164.58271553039552,0.0,0.0,,,
2023-04-06 14:38:00-04:00,164.89559936523438,164.89559936523438,164.86000061035156,164.8800048828125,43773,164.85865936279296,164.58271553039552,164.85765991210937,164.58631553649903,0.0,0.0,,,
2023-04-06 14:39:00-04:00,164.88409423828125,164.88409423828125,164.77999877929688,164.8000030517578,36566,164.85765991210937,164.58631553649903,164.8546600341797,164.58989051818847,0.0,0.0,,,
2023-04-06 14:40:00-04:00,164.8000030517578,164.85809326171875,164.781005859375,164.8300018310547,43574,164.8546600341797,164.58989051818847,164.85679931640624,164.59334701538086,0.0,0.0,,,
2023-04-06 14:41:00-04:00,164.82220458984375,164.8699951171875,164.80999755859375,164.84129333496094,53249,164.85679931640624,164.59334701538086,164.84929962158202,164.5962969970703,0.0,0.0,,,
2023-04-06 14:42:00-04:00,164.83999633789062,164.84500122070312,164.75999450683594,164.77999877929688,62932,164.84929962158202,164.5962969970703,164.84830017089843,164.59934700012207,0.0,0.0,,,
2023-04-06 14:43:00-04:00,164.77000427246094,164.8300018310547,164.77000427246094,164.8000030517578,36628,164.84830017089843,164.59934700012207,164.84029998779297,164.6020719909668,0.0,0.0,,,
2023-04-06 14:44:00-04:00,164.7899932861328,164.7899932861328,164.74000549316406,164.7899932861328,39604,164.84029998779297,164.6020719909668,164.82812957763673,164.60502197265626,0.0,0.0,,,
2023-04-06 14:45:00-04:00,164.8000030517578,164.81500244140625,164.74000549316406,164.77999877929688,46326,164.82812957763673,164.60502197265626,164.82034912109376,164.60810791015626,0.0,0.0,,,
2023-04-06 14:46:00-04:00,164.77999877929688,164.8300018310547,164.77000427246094,164.81219482421875,29321,164.82034912109376,164.60810791015626,164.81235961914064,164.61150840759277,0.0,0.0,,,
2023-04-06 14:47:00-04:00,164.8101043701172,164.86000061035156,164.79100036621094,164.8101043701172,65392,164.81235961914064,164.61150840759277,164.80335845947266,164.61373336791993,0.0,0.0,,,
2023-04-06 14:48:00-04:00,164.8000030517578,164.80499267578125,164.77000427246094,164.7899932861328,40283,164.80335845947266,164.61373336791993,164.79851837158202,164.61633239746095,0.0,0.0,,,
2023-04-06 14:49:00-04:00,164.77999877929688,164.8199005126953,164.75,164.75160217285156,59455,164.79851837158202,164.61633239746095,164.7895278930664,164.6190828704834,0.0,0.0,,,
2023-04-06 14:50:00-04:00,164.75999450683594,164.7899932861328,164.74000549316406,164.74009704589844,61457,164.7895278930664,164.6190828704834,164.77989807128907,164.62240783691405,0.0,0.0,,,
2023-04-06 14:51:00-04:00,164.75,164.76649475097656,164.72999572753906,164.7449951171875,70691,164.77989807128907,164.62240783691405,164.7758987426758,164.6250828552246,0.0,0.0,,,
2023-04-06 14:52:00-04:00,164.75,164.77999877929688,164.74000549316406,164.74000549316406,37001,164.7758987426758,164.6250828552246,164.77439880371094,164.62805786132813,0.0,0.0,,,
2023-04-06 14:53:00-04:00,164.75,164.81809997558594,164.7449951171875,164.78500366210938,61123,164.77439880371094,164.62805786132813,164.77339935302734,164.63163284301757,0.0,0.0,,,
2023-04-06 14:54:00-04:00,164.78500366210938,164.82000732421875,164.75999450683594,164.77999877929688,27140,164.77339935302734,164.63163284301757,164.76589965820312,164.63488288879395,0.0,0.0,,,
2023-04-06 14:55:00-04:00,164.78500366210938,164.7899932861328,164.69000244140625,164.7050018310547,55459,164.76589965820312,164.63488288879395,164.7496795654297,164.63743286132814,0.0,0.0,,,
2023-04-06 14:56:00-04:00,164.6999969482422,164.72000122070312,164.63999938964844,164.64999389648438,70144,164.7496795654297,164.63743286132814,164.7306686401367,164.63933280944823,0.0,0.0,,,
2023-04-06 14:57:00-04:00,164.63999938964844,164.67999267578125,164.61000061035156,164.6199951171875,91897,164.7306686401367,164.63933280944823,164.71434936523437,164.6412168121338,0.0,0.0,,,
2023-04-06 14:58:00-04:00,164.61000061035156,164.63499450683594,164.60000610351562,164.62680053710938,64238,164.71434936523437,164.6412168121338,164.70418853759764,164.6427262878418,0.0,0.0,,,
2023-04-06 14:59:00-04:00,164.6199951171875,164.68499755859375,164.6060028076172,164.64999389648438,73585,164.70418853759764,164.6427262878418,164.69996948242186,164.64436584472656,0.0,0.0,,,
2023-04-06 15:00:00-04:00,164.64999389648438,164.7449951171875,164.64999389648438,164.69790649414062,70162,164.69996948242186,164.64436584472656,164.7034698486328,164.6462158203125,0.0,0.0,,,
2023-04-06 15:01:00-04:00,164.6999969482422,164.8249969482422,164.6999969482422,164.77999877929688,106935,164.7034698486328,164.6462158203125,164.70046997070312,164.64736587524413,0.0,0.0,,,
2023-04-06 15:02:00-04:00,164.77609252929688,164.8000030517578,164.6699981689453,164.7100067138672,70839,164.70046997070312,164.64736587524413,164.6929702758789,164.64830490112305,0.0,0.0,,,
2023-04-06 15:03:00-04:00,164.6999969482422,164.72500610351562,164.67999267578125,164.7100067138672,45624,164.6929702758789,164.64830490112305,164.68897094726563,164.64940490722657,0.0,0.0,,,
2023-04-06 15:04:00-04:00,164.71690368652344,164.75999450683594,164.68499755859375,164.74000549316406,91234,164.68897094726563,164.64940490722657,164.6939712524414,164.6507299041748,0.0,0.0,,,
2023-04-06 15:05:00-04:00,164.72999572753906,164.7899932861328,164.67999267578125,164.7550048828125,66881,164.6939712524414,164.6507299041748,164.70912170410156,164.6522873687744,0.0,0.0,,,
2023-04-06 15:06:00-04:00,164.75999450683594,164.80999755859375,164.7303924560547,164.80149841308594,56218,164.70912170410156,164.6522873687744,164.72459259033204,164.65278587341308,0.0,0.0,,,
2023-04-06 15:07:00-04:00,164.80499267578125,164.80999755859375,164.72500610351562,164.7747039794922,67805,164.72459259033204,164.65278587341308,164.7339126586914,164.65323585510254,0.0,0.0,,,
2023-04-06 15:08:00-04:00,164.76840209960938,164.77000427246094,164.69500732421875,164.72000122070312,83330,164.7339126586914,164.65323585510254,164.7369125366211,164.6537808227539,0.0,0.0,,,
2023-04-06 15:09:00-04:00,164.7104949951172,164.72999572753906,164.6649932861328,164.67999267578125,52009,164.7369125366211,164.6537808227539,164.7346221923828,164.65440582275392,0.0,0.0,,,
2023-04-06 15:10:00-04:00,164.67999267578125,164.68499755859375,164.63999938964844,164.6750030517578,57334,164.7346221923828,164.65440582275392,164.71962280273436,164.65495582580567,0.0,0.0,,,
2023-04-06 15:11:00-04:00,164.67999267578125,164.67999267578125,164.60000610351562,164.6300048828125,52200,164.71962280273436,164.65495582580567,164.7146224975586,164.65618087768556,0.0,0.0,,,
2023-04-06 15:12:00-04:00,164.63999938964844,164.6699981689453,164.63279724121094,164.66000366210938,56268,164.7146224975586,164.65618087768556,164.7066223144531,164.6571058654785,0.0,0.0,,,
2023-04-06 15:13:00-04:00,164.66000366210938,164.67999267578125,164.61000061035156,164.6300048828125,80175,164.7066223144531,164.6571058654785,164.69962158203126,164.65823081970214,0.0,0.0,,,
2023-04-06 15:14:00-04:00,164.63999938964844,164.72000122070312,164.6199951171875,164.6699981689453,97318,164.69962158203126,164.65823081970214,164.68212127685547,164.6587868499756,0.0,0.0,,,
2023-04-06 15:15:00-04:00,164.6699981689453,164.67210388183594,164.56500244140625,164.5800018310547,79711,164.68212127685547,164.6587868499756,164.65997161865235,164.65928688049317,0.0,0.0,,,
2023-04-06 15:16:00-04:00,164.5800018310547,164.58999633789062,164.52999877929688,164.5800018310547,75028,164.65997161865235,164.65928688049317,164.63927154541017,164.6596753692627,-1.0,0.0,,164.5800018310547,
2023-04-06 15:17:00-04:00,164.5749969482422,164.5800018310547,164.5399932861328,164.5677032470703,58140,164.63927154541017,164.6596753692627,164.62127075195312,164.6595753479004,0.0,0.0,,,
2023-04-06 15:18:00-04:00,164.55999755859375,164.57000732421875,164.52000427246094,164.5399932861328,51671,164.62127075195312,164.6595753479004,164.60477142333986,164.65950035095216,0.0,0.0,,,
2023-04-06 15:19:00-04:00,164.53500366210938,164.5500030517578,164.47999572753906,164.51499938964844,69531,164.60477142333986,164.65950035095216,164.59007110595704,164.6584903717041,0.0,0.0,,,
2023-04-06 15:20:00-04:00,164.51229858398438,164.55999755859375,164.47999572753906,164.5279998779297,89014,164.59007110595704,164.6584903717041,164.5846710205078,164.6572703552246,0.0,0.0,,,
2023-04-06 15:21:00-04:00,164.52999877929688,164.59840393066406,164.52000427246094,164.5760040283203,83736,164.5846710205078,164.6572703552246,164.57767028808593,164.6560203552246,0.0,0.0,,,
2023-04-06 15:22:00-04:00,164.5800018310547,164.61000061035156,164.52999877929688,164.58999633789062,72292,164.57767028808593,164.6560203552246,164.57366943359375,164.6545703125,0.0,0.0,,,
2023-04-06 15:23:00-04:00,164.59500122070312,164.61500549316406,164.55999755859375,164.58999633789062,71724,164.57366943359375,164.6545703125,164.56517028808594,164.6530453491211,0.0,0.0,,,
2023-04-06 15:24:00-04:00,164.5800018310547,164.61000061035156,164.5399932861328,164.5850067138672,108510,164.56517028808594,164.6530453491211,164.5676498413086,164.65196632385255,0.0,0.0,,,
2023-04-06 15:25:00-04:00,164.5850067138672,164.6300048828125,164.5749969482422,164.60479736328125,75343,164.5676498413086,164.65196632385255,164.57164916992187,164.65141578674317,0.0,0.0,,,
2023-04-06 15:26:00-04:00,164.61000061035156,164.6300048828125,164.56820678710938,164.6199951171875,82871,164.57164916992187,164.65141578674317,164.56787872314453,164.65066581726074,0.0,0.0,,,
2023-04-06 15:27:00-04:00,164.6199951171875,164.63999938964844,164.52000427246094,164.52999877929688,97002,164.56787872314453,164.65066581726074,164.56487884521485,164.64939079284667,0.0,0.0,,,
2023-04-06 15:28:00-04:00,164.52999877929688,164.55499267578125,164.5,164.50999450683594,58802,164.56487884521485,164.64939079284667,164.56487884521485,164.64831581115723,0.0,0.0,,,
2023-04-06 15:29:00-04:00,164.50999450683594,164.5489959716797,164.47000122070312,164.51499938964844,83898,164.56487884521485,164.64831581115723,164.56907958984374,164.6478158569336,0.0,0.0,,,
2023-04-06 15:30:00-04:00,164.52000427246094,164.61000061035156,164.50999450683594,164.57000732421875,99276,164.56907958984374,164.6478158569336,164.5694793701172,164.64739585876464,0.0,0.0,,,
2023-04-06 15:31:00-04:00,164.5749969482422,164.6300048828125,164.57000732421875,164.5800018310547,97754,164.5694793701172,164.64739585876464,164.57648010253905,164.646996383667,0.0,0.0,,,
2023-04-06 15:32:00-04:00,164.5800018310547,164.66000366210938,164.57000732421875,164.66000366210938,73791,164.57648010253905,164.646996383667,164.59098052978516,164.64690841674803,0.0,0.0,,,
2023-04-06 15:33:00-04:00,164.66000366210938,164.74000549316406,164.65499877929688,164.73500061035156,140404,164.59098052978516,164.64690841674803,164.60498046875,164.6470834350586,0.0,0.0,,,
2023-04-06 15:34:00-04:00,164.72999572753906,164.74000549316406,164.67999267578125,164.72500610351562,103694,164.60498046875,164.6470834350586,164.6165008544922,164.64760841369628,0.0,0.0,,,
2023-04-06 15:35:00-04:00,164.72500610351562,164.75990295410156,164.70010375976562,164.72000122070312,101242,164.6165008544922,164.64760841369628,164.62050170898436,164.64705841064452,0.0,0.0,,,
2023-04-06 15:36:00-04:00,164.7100067138672,164.72999572753906,164.65499877929688,164.66000366210938,66626,164.62050170898436,164.64705841064452,164.639501953125,164.64703292846679,0.0,0.0,,,
2023-04-06 15:37:00-04:00,164.66009521484375,164.72500610351562,164.66000366210938,164.72000122070312,72338,164.639501953125,164.64703292846679,164.65650177001953,164.64715789794923,0.0,1.0,164.72000122070312,,
2023-04-06 15:38:00-04:00,164.72470092773438,164.72500610351562,164.65499877929688,164.67999267578125,65944,164.65650177001953,164.64715789794923,164.66700134277343,164.64753288269043,0.0,0.0,,,
2023-04-06 15:39:00-04:00,164.6750030517578,164.6750030517578,164.60499572753906,164.6199951171875,64827,164.66700134277343,164.64753288269043,164.6677505493164,164.64782035827636,0.0,0.0,,,
2023-04-06 15:40:00-04:00,164.61000061035156,164.61000061035156,164.5449981689453,164.57749938964844,87204,164.6677505493164,164.64782035827636,164.6667510986328,164.6484954071045,0.0,0.0,,,
2023-04-06 15:41:00-04:00,164.5749969482422,164.58770751953125,164.52999877929688,164.57000732421875,88058,164.6667510986328,164.6484954071045,164.65557098388672,164.64916145324707,0.0,0.0,,,
2023-04-06 15:42:00-04:00,164.5749969482422,164.5749969482422,164.5,164.54820251464844,89436,164.65557098388672,164.64916145324707,164.63592071533202,164.64957893371582,-1.0,0.0,,164.54820251464844,
2023-04-06 15:43:00-04:00,164.5449981689453,164.5800018310547,164.5,164.5384979248047,108431,164.63592071533202,164.64957893371582,164.6189193725586,164.64974342346193,0.0,0.0,,,
2023-04-06 15:44:00-04:00,164.5399932861328,164.5749969482422,164.5009002685547,164.55499267578125,96217,164.6189193725586,164.64974342346193,164.59031982421874,164.64941345214845,0.0,0.0,,,
2023-04-06 15:45:00-04:00,164.55499267578125,164.55999755859375,164.42999267578125,164.4340057373047,153503,164.59031982421874,164.64941345214845,164.56882019042968,164.64886352539062,0.0,0.0,,,
2023-04-06 15:46:00-04:00,164.42999267578125,164.47000122070312,164.39500427246094,164.44500732421875,94789,164.56882019042968,164.64886352539062,164.54181976318358,164.6483920288086,0.0,0.0,,,
2023-04-06 15:47:00-04:00,164.44500732421875,164.4799041748047,164.42999267578125,164.4499969482422,67391,164.54181976318358,164.6483920288086,164.5168197631836,164.64749198913574,0.0,0.0,,,
2023-04-06 15:48:00-04:00,164.4499969482422,164.46499633789062,164.3800048828125,164.42999267578125,120612,164.5168197631836,164.64749198913574,164.5023208618164,164.64696701049806,0.0,0.0,,,
2023-04-06 15:49:00-04:00,164.42999267578125,164.5,164.42999267578125,164.47500610351562,96881,164.5023208618164,164.64696701049806,164.48807067871093,164.64584197998047,0.0,0.0,,,
2023-04-06 15:50:00-04:00,164.50999450683594,164.5749969482422,164.41000366210938,164.43499755859375,222853,164.48807067871093,164.64584197998047,164.47606964111327,164.64464195251466,0.0,0.0,,,
2023-04-06 15:51:00-04:00,164.42999267578125,164.47999572753906,164.4149932861328,164.4499969482422,127673,164.47606964111327,164.64464195251466,164.46324920654297,164.64269195556642,0.0,0.0,,,
2023-04-06 15:52:00-04:00,164.44000244140625,164.44000244140625,164.36000061035156,164.4199981689453,170732,164.46324920654297,164.64269195556642,164.44639892578124,164.64049194335936,0.0,0.0,,,
2023-04-06 15:53:00-04:00,164.4199981689453,164.42999267578125,164.35000610351562,164.3699951171875,141916,164.44639892578124,164.64049194335936,164.4289093017578,164.63861740112304,0.0,0.0,,,
2023-04-06 15:54:00-04:00,164.375,164.4199981689453,164.32000732421875,164.38009643554688,187508,164.4289093017578,164.63861740112304,164.44000854492188,164.6375923919678,0.0,0.0,,,
2023-04-06 15:55:00-04:00,164.38999938964844,164.55499267578125,164.38999938964844,164.5449981689453,368968,164.44000854492188,164.6375923919678,164.45150756835938,164.63624237060546,0.0,0.0,,,
2023-04-06 15:56:00-04:00,164.5399932861328,164.5800018310547,164.49000549316406,164.55999755859375,167296,164.45150756835938,164.63624237060546,164.46550750732422,164.6355923461914,0.0,0.0,,,
2023-04-06 15:57:00-04:00,164.55250549316406,164.60000610351562,164.5500030517578,164.58999633789062,213092,164.46550750732422,164.6355923461914,164.48550872802736,164.6355923461914,0.0,0.0,,,
2023-04-06 15:58:00-04:00,164.58999633789062,164.69000244140625,164.58999633789062,164.6300048828125,263652,164.48550872802736,164.6355923461914,164.5030075073242,164.63579177856445,0.0,0.0,,,
2023-04-06 15:59:00-04:00,164.6300048828125,164.6699981689453,164.5200958251953,164.64999389648438,735943,164.5030075073242,164.63579177856445,,,0.0,0.0,,,
